{"cols":2,"data":{"0":[0.7899821431829168,0.011304142075563073],"1":[0.7850007363064356,0.1486447158438452],"2":[0.7862067342749265,0.047302422630844054],"3":[0.32158652083722306,0.9057485881731097],"4":[0.7441314431303225,0.15699853008771647],"5":[0.2525805180628634,0.9369478877394803],"6":[0.25983520221988166,0.8974905780531736],"7":[0.6007162278378628,0.8048058535107102],"8":[1.0,0.11114228673465232],"9":[0.4435156021527105,0.27067867011674435],"10":[0.3522274342352448,0.877877270580905],"11":[0.3714148032188928,0.18845193855294196],"12":[0.7395647566359562,0.21666513877149646],"13":[0.17153413358201716,0.25431093452394427],"14":[0.7708029791277471,0.09386528892187795],"15":[0.8149651370236719,0.2919768939824583],"16":[0.7245164303987328,0.09357340715775475],"17":[0.2919673113397128,0.34208929484340095],"18":[0.09861682729014001,0.9124801689329332],"19":[0.9235925217403466,0.0],"20":[0.3572103492064626,0.8591346761136937],"21":[0.43066011028435397,1.0],"22":[0.21276853375146867,0.707944897892126],"23":[0.10409196113791508,0.9554787102929074],"24":[0.32534507016548087,0.8298367843806289],"25":[0.2053152107431395,0.89733586513099],"26":[0.270410319855684,0.8295395736846344],"27":[0.3730798942394672,0.9684246645716905],"28":[0.3433705561990344,0.902644896785304],"29":[0.21645800853279204,0.9020006668733845],"30":[0.5821206042519459,0.9288427157843542],"31":[0.0742439707702027,0.845292590263118],"32":[0.8218426672226512,0.0825861579067062],"33":[0.29075693293565064,0.7996909384967346],"34":[0.16924126542305093,0.27664567547067653],"35":[0.40820712460949754,0.8642368285142534],"36":[0.275534404951844,0.9334354342481769],"37":[0.05843374612827705,0.281835994357458],"38":[0.7426512483995391,0.14119752207288905],"39":[0.3686497068574489,0.9568573340890538],"40":[0.7297579995739779,0.07826122177681483],"41":[0.20557015069482593,0.23496592687538503],"42":[0.14996346445535874,0.04354785223868218],"43":[0.32154869331005176,0.9367099980996889],"44":[0.08147345250770165,0.16610967199130455],"45":[0.2519428824365654,0.23492141177619352],"46":[0.8428650479916091,0.1740904833113855],"47":[0.28018589721160647,0.4462468390626012],"48":[0.8119975923959801,0.19158688178994404],"49":[0.2315894699149271,0.8676629609816021],"50":[0.9711482485376294,0.017512887012597234],"51":[0.07199894965312924,0.454013239693704],"52":[0.23164703845458884,0.20085954807500578],"53":[0.1865829376953997,0.9135022196722297],"54":[0.043943611797043064,0.3331947250435254],"55":[0.7609802138466069,0.096335434002634],"56":[0.7795071744369274,0.04320170818961666],"57":[0.17354654395580493,0.22157508551319038],"58":[0.2629712002050562,0.8698321896000766],"59":[0.920307695729409,0.17865706426645905],"60":[0.14177255863280677,0.114686060745123],"61":[0.44641999311008096,0.29095684306306985],"62":[0.44409159085631944,0.32804108462528975],"63":[0.12718897583133618,0.23871469500310222],"64":[0.0707381735820594,0.06391777098864604],"65":[0.8189308633810418,0.1515872075449035],"66":[0.23234786558697726,0.8852547484409596],"67":[0.8729072632755982,0.3123565867979296],"68":[0.732081344107898,0.055577548188685655],"69":[0.852579778962114,0.012208756332713122],"70":[0.2604536704758746,0.2302410110103199],"71":[0.8031223735644281,0.1801959808124694],"72":[0.8412686596607918,0.15794440342463334],"73":[0.393843176342776,0.801442144295094],"74":[0.9781264242514122,0.07010572611938837],"75":[0.8532073738342905,0.047313307185398945],"76":[0.23049256518000252,0.35966980476061555],"77":[0.2530267577592074,0.2093910324725985],"78":[0.166027804916109,0.13802876701715472],"79":[0.5944065680294475,0.17196752557460537],"80":[0.14805454688270261,0.25834713217175637],"81":[0.21704126904230847,0.16603322166774148],"82":[0.44124700149735435,0.7805868015312554],"83":[0.9986419288288533,0.14266093232602473],"84":[0.3907397692955609,0.9040266493106591],"85":[0.11921746805620309,0.14811583352499158],"86":[0.23502092945202738,0.22446147194505645],"87":[0.8147054473158154,0.09320706382617994],"88":[0.15201831444211114,0.8274876204648618],"89":[0.7128583738711045,0.11378150009721233],"90":[0.5013988073122598,0.8305966112662633],"91":[0.8990391395122803,0.07677525673500674],"92":[0.270881210184662,0.18109133550488693],"93":[0.9750046954845799,0.27040347905359646],"94":[0.2765186316604351,0.10626734909643576],"95":[0.23711512311478916,0.17889620041688914],"96":[0.30297525023798677,0.2943158113624056],"97":[0.24322443255680157,0.9264062602284389],"98":[0.0,0.21427875901623616],"99":[0.3412545354005748,0.8958395013205545]}}