{"cols":2,"data":{"0":[0.340828411244845,0.058595047635108866],"1":[0.01322810012036063,0.6722929795490515],"2":[0.46499676234004705,0.7689437347912214],"3":[0.6681828407902786,0.02878001001385505],"4":[0.5740082106449125,0.34703378043729727],"5":[0.11570388701760431,0.7364475767040285],"6":[0.2736143414003975,0.6758886181098112],"7":[0.5718993719139256,0.29483812979873175],"8":[0.73934415458447,0.4782968682045203],"9":[0.6174493784239005,0.32394200593173994],"10":[0.20206612494103232,0.8732406530860609],"11":[0.700256813107208,0.4209844824018838],"12":[0.9708974154694322,0.6357799715555512],"13":[0.6043219893146805,0.0],"14":[0.04071235502643883,0.327960033871439],"15":[0.9335085943675936,0.3700173467305146],"16":[0.5400117779925259,0.2869345566250665],"17":[0.5814048434193693,0.771440553371598],"18":[0.7071222950174756,0.9449228585788976],"19":[0.11828605538140752,0.8415075283445016],"20":[0.2823454157279891,0.38302836127303364],"21":[0.6444248164250616,0.7449690255370202],"22":[0.26359995746974996,0.11011725820376944],"23":[0.3764225247345304,0.7010161732864957],"24":[0.6789449776461656,0.6143690453847959],"25":[0.8380900534894031,0.19324237390979432],"26":[0.49842500189830274,0.732137579274381],"27":[0.7499633361542766,0.9401481151071872],"28":[0.49460973793372626,0.9793705139879894],"29":[0.6359387691666243,0.9690102065902413],"30":[0.2861029813845316,0.38426991641476527],"31":[0.704170269246223,0.35134040550648876],"32":[0.6682089016243595,0.6561891441927487],"33":[0.8484033851701421,0.8619263964695262],"34":[0.021235678728731167,0.4005318611935563],"35":[0.39923317327084473,0.6954035827289402],"36":[0.291403677551147,0.3187703687019817],"37":[0.24390887107125286,0.5915069836854253],"38":[0.9453577917269276,0.40216913245328706],"39":[0.7477456273016527,0.5673817018579267],"40":[0.6022416555467555,0.7662852164729541],"41":[0.5502083393236551,0.986532872351825],"42":[0.8322315466001509,0.8495117177856701],"43":[0.9185009138987348,0.7259855731682865],"44":[0.5928044677946065,0.2720995121916361],"45":[0.44931358448980097,0.7410705528360919],"46":[0.7118072197418261,0.5892897971663527],"47":[0.3059314871972335,0.10097818197425962],"48":[0.6708253289288159,0.692580131377725],"49":[0.15002693770821285,0.11977433832582096],"50":[0.33142779371936515,0.31657328129824486],"51":[0.8885291220542164,0.2612412158266335],"52":[0.35847416205465293,0.6964124353822512],"53":[0.40013277420303556,0.7459984904247495],"54":[0.47889646433698574,0.22849033321693107],"55":[0.2360782318424876,0.912109070246929],"56":[0.48064250241504725,0.03163483212123702],"57":[0.49334161608415367,0.2703605762633702],"58":[0.21672842512511525,0.13743018547375063],"59":[0.0,0.44279838898001783],"60":[0.3857987889601916,0.010159482727383262],"61":[0.7741443446892691,0.14415274631154185],"62":[0.30012143234203714,0.3401391560160121],"63":[0.36382595957514574,0.27939655011039066],"64":[0.3686569541851077,0.2572438883057096],"65":[0.025635588800239195,0.5664152004944708],"66":[0.41089090157608293,0.21164936332811052],"67":[0.5036987067585156,0.7578028063266807],"68":[0.9868912812811488,0.6870917551571082],"69":[0.40121553558727996,1.0],"70":[0.47307678491999605,0.03601223450948737],"71":[0.2595420366788619,0.5891471068165154],"72":[0.6810596238736961,0.06316913250104322],"73":[0.03963444654340981,0.591170663701791],"74":[0.023164772022601643,0.4926759740720979],"75":[0.892019023026045,0.21889275133608166],"76":[0.26298452813097173,0.4468662096968665],"77":[0.8855127382308279,0.8036436329776062],"78":[0.47628676203368575,0.24564200363609656],"79":[0.7640116994910799,0.09541904150276403],"80":[0.1682125693191952,0.2280584592207366],"81":[1.0,0.5699810079270762],"82":[0.2590478436905983,0.9798866276444724],"83":[0.9902781014526201,0.47753946475647896],"84":[0.4723595197203869,0.9809389187883347],"85":[0.7081787867994956,0.4147983005960454],"86":[0.6472972126691454,0.3306706454409324],"87":[0.7596737349036307,0.5474981946460569],"88":[0.09403133330147923,0.7090110539350976],"89":[0.3686889385574993,0.9612290729901591],"90":[0.2939938439717846,0.4618761315421676],"91":[0.26444751160440455,0.501444769383925],"92":[0.6810428951995062,0.35052128939459576],"93":[0.23083817814254526,0.5081160022535728],"94":[0.3359856350653041,0.6300914171688512],"95":[0.05808816014529267,0.24924789736239844],"96":[0.315971643809824,0.6674817298775857],"97":[0.7303007580199876,0.4554194122532016],"98":[0.9942923409870819,0.4758711635864032],"99":[0.6926917132232786,0.6815364500080507]}}