{
  "cols": 2,
  "data": {
    "point-0": [
      0.0,
      0.0
    ],
    "point-1": [
      1.0,
      0.0
    ],
    "point-2": [
      1.0,
      1.0
    ],
    "point-3": [
      0.0,
      1.0
    ],
    "point-4": [
      0.46000000834465027,
      0.47999998927116394
    ]
  }
}
