{
  "cols": 10,
  "data": {
    "point-0": [
      0.10000000149011612,
      0.17000000178813934,
      0.5699999928474426,
      0.5699999928474426,
      0.5400000214576721,
      0.2800000011920929,
      0.8600000143051147,
      0.3499999940395355,
      0.4099999964237213,
      0.8100000023841858
    ],
    "point-1": [
      0.8399999737739563,
      0.0,
      0.07000000029802322,
      0.949999988079071,
      0.699999988079071,
      0.6600000262260437,
      0.09000000357627869,
      0.5799999833106995,
      0.8100000023841858,
      0.949999988079071
    ],
    "point-2": [
      0.25,
      0.9700000286102295,
      0.5400000214576721,
      0.20000000298023224,
      0.6100000143051147,
      0.5099999904632568,
      0.5400000214576721,
      0.9200000166893005,
      0.2199999988079071,
      0.03999999910593033
    ],
    "point-3": [
      0.8399999737739563,
      0.14000000059604645,
      0.009999999776482582,
      0.14000000059604645,
      0.3100000023841858,
      0.9900000095367432,
      0.8799999952316284,
      0.699999988079071,
      0.5400000214576721,
      0.9700000286102295
    ],
    "point-4": [
      0.03999999910593033,
      0.019999999552965164,
      0.0,
      0.44999998807907104,
      0.9100000262260437,
      0.09000000357627869,
      0.9100000262260437,
      0.009999999776482582,
      0.5199999809265137,
      0.3799999952316284
    ]
  }
}
