{
  "cols": 2,
  "data": {
    "0": [
      0.0,
      0.982300877571106
    ],
    "1": [
      0.020408162847161293,
      0.9557521939277649
    ],
    "10": [
      0.20408163964748383,
      0.7345132827758789
    ],
    "11": [
      0.22448979318141937,
      0.7256637215614319
    ],
    "12": [
      0.2448979616165161,
      0.7256637215614319
    ],
    "13": [
      0.26530611515045166,
      0.7168141603469849
    ],
    "14": [
      0.2857142984867096,
      0.6460176706314087
    ],
    "15": [
      0.30612245202064514,
      0.5929203629493713
    ],
    "16": [
      0.3265306055545807,
      0.5752212405204773
    ],
    "17": [
      0.3469387888908386,
      0.5663716793060303
    ],
    "18": [
      0.36734694242477417,
      0.5486725568771362
    ],
    "19": [
      0.3877550959587097,
      0.5398229956626892
    ],
    "2": [
      0.040816325694322586,
      0.9380530714988708
    ],
    "20": [
      0.40816327929496765,
      0.5398229956626892
    ],
    "21": [
      0.4285714328289032,
      0.5398229956626892
    ],
    "22": [
      0.44897958636283875,
      0.5132743120193481
    ],
    "23": [
      0.4693877696990967,
      0.48672565817832947
    ],
    "24": [
      0.4897959232330322,
      0.47787609696388245
    ],
    "25": [
      0.5102040767669678,
      0.44247788190841675
    ],
    "26": [
      0.5306122303009033,
      0.389380544424057
    ],
    "27": [
      0.5510203838348389,
      0.28318583965301514
    ],
    "28": [
      0.5714285969734192,
      0.24778760969638824
    ],
    "29": [
      0.5918367505073547,
      0.23893804848194122
    ],
    "3": [
      0.06122449040412903,
      0.9380530714988708
    ],
    "30": [
      0.6122449040412903,
      0.22123894095420837
    ],
    "31": [
      0.6326530575752258,
      0.21238937973976135
    ],
    "32": [
      0.6530612111091614,
      0.20353981852531433
    ],
    "33": [
      0.6734693646430969,
      0.20353981852531433
    ],
    "34": [
      0.6938775777816772,
      0.20353981852531433
    ],
    "35": [
      0.7142857313156128,
      0.20353981852531433
    ],
    "36": [
      0.7346938848495483,
      0.13274335861206055
    ],
    "37": [
      0.7551020383834839,
      0.12389380484819412
    ],
    "38": [
      0.7755101919174194,
      0.1150442510843277
    ],
    "39": [
      0.795918345451355,
      0.1150442510843277
    ],
    "4": [
      0.08163265138864517,
      0.9203540086746216
    ],
    "40": [
      0.8163265585899353,
      0.12389380484819412
    ],
    "41": [
      0.8367347121238708,
      0.13274335861206055
    ],
    "42": [
      0.8571428656578064,
      0.14159291982650757
    ],
    "43": [
      0.8775510191917419,
      0.1504424810409546
    ],
    "44": [
      0.8979591727256775,
      0.16814158856868744
    ],
    "45": [
      0.918367326259613,
      0.1946902722120285
    ],
    "46": [
      0.9387755393981934,
      0.23893804848194122
    ],
    "47": [
      0.9591836929321289,
      0.2743362784385681
    ],
    "48": [
      0.9795918464660645,
      0.3185840845108032
    ],
    "49": [
      1.0,
      0.3362831771373749
    ],
    "5": [
      0.10204081982374191,
      0.9115044474601746
    ],
    "6": [
      0.12244898080825806,
      0.8938053250312805
    ],
    "7": [
      0.1428571492433548,
      0.8761062026023865
    ],
    "8": [
      0.16326530277729034,
      0.7876105904579163
    ],
    "9": [
      0.18367347121238708,
      0.76106196641922
    ]
  }
}
