{"cols":2,"data":{"0":[0.4439025354936533,0.9331292251905987],"1":[0.5625260361401357,0.8143117549471497],"2":[0.6775156612663786,0.36217417681881786],"3":[0.6594115583180693,0.40042389083322477],"4":[0.8989294530411123,0.3712531365688159],"5":[0.9658255303741761,0.4317166498289082],"6":[0.549293492605625,0.06269414015368874],"7":[0.2583556086649502,0.9460759211986822],"8":[0.6736420948588873,0.0],"9":[0.42251923291304017,0.23761943646941625],"10":[0.5745398841967548,0.6779487201867197],"11":[0.7861696502096304,0.042080898550899914],"12":[0.8490758984592255,0.23859891920593318],"13":[0.6216118033960925,0.5966950364392876],"14":[0.09618678149516535,0.7481837559062314],"15":[0.6441031604895409,0.37508746907288787],"16":[0.0,0.38518991404631664],"17":[0.10217880082248926,0.7690905094547699],"18":[0.5990670858270446,0.01223927907796063],"19":[0.33523133526329346,0.8869726806269331],"20":[0.5699440531767546,0.6957110713385497],"21":[0.40414558644145065,0.9002144094028306],"22":[0.6860048101742353,0.07694918532307715],"23":[0.3188024431997349,0.5454641476857176],"24":[0.10847167338456809,0.8179339686882393],"25":[0.3710859717587539,0.9494160417204878],"26":[0.023371272855426395,0.5287191609168098],"27":[0.8579714351532397,0.15326941495781707],"28":[0.3360201429074159,0.5151440037335205],"29":[0.03787832537468955,0.3836855782271064],"30":[0.626004033095233,0.0462903032253939],"31":[0.7443087704079867,0.020532592578447695],"32":[0.2773282838345113,0.9301303179718101],"33":[0.9274616922119772,0.3289837072307485],"34":[0.31919102703308383,0.9475471556252775],"35":[0.040158273826327695,0.5863492893480445],"36":[0.5782321910054286,0.10591749889838165],"37":[0.3853764724166212,0.2712787745222729],"38":[0.4774423994026596,0.8790439652397772],"39":[0.5266827077360325,0.03677103493232897],"40":[0.0773901991108884,0.6909772834557355],"41":[0.6574337317285914,0.46963472745366786],"42":[0.34946282055702266,0.49232529755141535],"43":[0.49241327661269274,0.14203713317087055],"44":[0.03172819288512274,0.46268351298415394],"45":[0.579068888702338,0.0667347627023504],"46":[0.3500387842479726,0.33956442217576155],"47":[0.9595613978628101,0.492074953503405],"48":[0.5145901908039313,0.07794722790887054],"49":[1.0,0.5990633666380676],"50":[0.9410944084637998,0.4142669386141372],"51":[0.4751199451065519,0.8885434086758917],"52":[0.8024260334324844,0.12195297910787692],"53":[0.02782336034698807,0.45409259231050664],"54":[0.21679560590895858,0.9541103855701905],"55":[0.32673550223388337,0.35792309093336244],"56":[0.6175941840752672,0.6704667130817339],"57":[0.1176186468056637,0.7373374962612863],"58":[0.5270550795671374,0.7445611125952516],"59":[0.06079426653722464,0.6765275558969641],"60":[0.8137687828947436,0.15792478369492172],"61":[0.44767484019381754,0.21978016512398574],"62":[0.34068813241180185,0.6170568182486917],"63":[0.5472660630719016,0.8528372570729599],"64":[0.9936701680705635,0.6515367946715036],"65":[0.6352090624618539,0.4248825609037975],"66":[0.04292059511789814,0.5798358124918661],"67":[0.6534082449192778,0.024478446914315055],"68":[0.599828913814638,0.5120983949675862],"69":[0.9042192929869184,0.25492001252273316],"70":[0.44757966839593566,0.16841724761365118],"71":[0.3988382267380674,0.2996115476617834],"72":[0.8796294210116495,0.25265879697466653],"73":[0.4125371527475536,0.2165036993789164],"74":[0.6411059811101567,0.05315510650631572],"75":[0.42323955579332617,0.9218545146085528],"76":[0.07263547531592962,0.6954587939701624],"77":[0.2454174168821495,0.9363120043198709],"78":[0.3621054346130338,0.43729594624981305],"79":[0.3980516335376415,1.0],"80":[0.16283076957792902,0.8654558360769979],"81":[0.6039682792412912,0.669017443897973],"82":[0.3789124338928847,0.39557269420754804],"83":[0.9234823905886349,0.33394174352710926],"84":[0.1755800726030741,0.9099394668453853],"85":[0.9610343452210857,0.561274569002823],"86":[0.5307389646780837,0.891829871293395],"87":[0.21130043045071567,0.8971224894229815],"88":[0.7508865636451362,0.05228431591048527],"89":[0.327455757360847,0.5915166734457199],"90":[0.47195401852158947,0.13366187338893432],"91":[0.9162247096656204,0.24976534804482944],"92":[0.5638761837785428,0.759566866830689],"93":[0.00700480794371261,0.42288717627170413],"94":[0.37232238972472054,0.9934618051803814],"95":[0.8454599040801014,0.19474643156053859],"96":[0.9414535141107563,0.5698525240030156],"97":[0.7442349872545144,0.04061665896269545],"98":[0.6217215124667124,0.567219047502636],"99":[0.13733991950292093,0.8825588397374591]}}